row	video	tracklet	f_start	f_end	track_id	crops	frames	label	batch
m1000	rd25	4	90	390	1	standin_blob_000090_1.jpg;standin_blob_000165_1.jpg;standin_blob_000240_1.jpg;standin_blob_000390_1.jpg	90;165;240;390		1
m1001	rd25	43	1980	2160	17	standin_blob_001980_17.jpg;standin_blob_002040_17.jpg;standin_blob_002100_17.jpg;standin_blob_002160_17.jpg	1980;2040;2100;2160		1
m1002	rd25	79	3975	4095	29	standin_blob_003975_29.jpg;standin_blob_004005_29.jpg;standin_blob_004050_29.jpg;standin_blob_004095_29.jpg	3975;4005;4050;4095		1
m1003	rd25	156	5340	5565	55	standin_blob_005340_55.jpg;standin_blob_005415_55.jpg;standin_blob_005490_55.jpg;standin_blob_005565_55.jpg	5340;5415;5490;5565		1
m1004	rd25	246	6675	6840	78	standin_blob_006675_78.jpg;standin_blob_006720_78.jpg;standin_blob_006780_78.jpg;standin_blob_006840_78.jpg	6675;6720;6780;6840		1
m1005	rd25	349	7620	8535	105	standin_blob_007620_105.jpg;standin_blob_007920_105.jpg;standin_blob_008220_105.jpg;standin_blob_008535_105.jpg	7620;7920;8220;8535		1
m1006	rd25	439	9150	9285	130	standin_blob_009150_130.jpg;standin_blob_009195_130.jpg;standin_blob_009240_130.jpg;standin_blob_009285_130.jpg	9150;9195;9240;9285		1
m1007	rd25	534	10665	11100	162	standin_blob_010665_162.jpg;standin_blob_010800_162.jpg;standin_blob_010935_162.jpg;standin_blob_011100_162.jpg	10665;10800;10935;11100		1
m1008	rd25	762	14835	15045	218	standin_blob_014835_218.jpg;standin_blob_014895_218.jpg;standin_blob_014955_218.jpg;standin_blob_015045_218.jpg	14835;14895;14955;15045		1
m1009	rd25	884	17385	17580	263	standin_blob_017385_263.jpg;standin_blob_017460_263.jpg;standin_blob_017520_263.jpg;standin_blob_017580_263.jpg	17385;17460;17520;17580		1
m1010	rd25	1071	19665	19890	317	standin_blob_019665_317.jpg;standin_blob_019740_317.jpg;standin_blob_019815_317.jpg;standin_blob_019890_317.jpg	19665;19740;19815;19890		1
m1011	rd25	1177	21480	24000	332	standin_blob_021480_332.jpg;standin_blob_022515_332.jpg;standin_blob_023070_332.jpg;standin_blob_024000_332.jpg	21480;22515;23070;24000		1
m1012	rd25	1340	24690	25725	358	standin_blob_024690_358.jpg;standin_blob_025170_358.jpg;standin_blob_025350_358.jpg;standin_blob_025725_358.jpg	24690;25170;25350;25725		1
m1013	rd25	1404	30045	30945	382	standin_blob_030045_382.jpg;standin_blob_030285_382.jpg;standin_blob_030495_382.jpg;standin_blob_030945_382.jpg	30045;30285;30495;30945		1
m1014	rd25	1686	35220	35400	420	standin_blob_035220_420.jpg;standin_blob_035310_420.jpg;standin_blob_035355_420.jpg;standin_blob_035400_420.jpg	35220;35310;35355;35400		1
m1015	rd25	1754	36630	36900	447	standin_blob_036630_447.jpg;standin_blob_036720_447.jpg;standin_blob_036810_447.jpg;standin_blob_036900_447.jpg	36630;36720;36810;36900		1
m1016	rd25	1825	37905	38340	467	standin_blob_037905_467.jpg;standin_blob_038040_467.jpg;standin_blob_038190_467.jpg;standin_blob_038340_467.jpg	37905;38040;38190;38340		1
m1017	rd25	1936	38955	39930	491	standin_blob_038955_491.jpg;standin_blob_039180_491.jpg;standin_blob_039510_491.jpg;standin_blob_039930_491.jpg	38955;39180;39510;39930		1
m1018	rd25	2111	41550	42420	513	standin_blob_041550_513.jpg;standin_blob_041925_513.jpg;standin_blob_042225_513.jpg;standin_blob_042420_513.jpg	41550;41925;42225;42420		1
m1019	rd25	2134	43170	43860	526	standin_blob_043170_526.jpg;standin_blob_043335_526.jpg;standin_blob_043560_526.jpg;standin_blob_043860_526.jpg	43170;43335;43560;43860		1
m1020	rd25	2206	44835	45405	543	standin_blob_044835_543.jpg;standin_blob_045015_543.jpg;standin_blob_045195_543.jpg;standin_blob_045405_543.jpg	44835;45015;45195;45405		1
m1021	rd25	2288	46185	46680	565	standin_blob_046185_565.jpg;standin_blob_046380_565.jpg;standin_blob_046545_565.jpg;standin_blob_046680_565.jpg	46185;46380;46545;46680		1
m1022	rd25	2367	47085	47550	580	standin_blob_047085_580.jpg;standin_blob_047235_580.jpg;standin_blob_047385_580.jpg;standin_blob_047550_580.jpg	47085;47235;47385;47550		1
m1023	rd25	2402	47880	48330	586	standin_blob_047880_586.jpg;standin_blob_048030_586.jpg;standin_blob_048180_586.jpg;standin_blob_048330_586.jpg	47880;48030;48180;48330		1
m1024	rd25	2463	48870	49245	604	standin_blob_048870_604.jpg;standin_blob_048990_604.jpg;standin_blob_049110_604.jpg;standin_blob_049245_604.jpg	48870;48990;49110;49245		1
m1025	rd25	2537	50145	50310	640	standin_blob_050145_640.jpg;standin_blob_050205_640.jpg;standin_blob_050265_640.jpg;standin_blob_050310_640.jpg	50145;50205;50265;50310		1
m1026	rd25	2566	50565	50685	647	standin_blob_050565_647.jpg;standin_blob_050595_647.jpg;standin_blob_050640_647.jpg;standin_blob_050685_647.jpg	50565;50595;50640;50685		1
m1027	rd25	2753	51480	51600	708	standin_blob_051480_708.jpg;standin_blob_051510_708.jpg;standin_blob_051555_708.jpg;standin_blob_051600_708.jpg	51480;51510;51555;51600		1
m1028	rd25	2838	52350	52605	730	standin_blob_052350_730.jpg;standin_blob_052425_730.jpg;standin_blob_052515_730.jpg;standin_blob_052605_730.jpg	52350;52425;52515;52605		1
m1029	rd25	2940	53325	54000	757	standin_blob_053325_757.jpg;standin_blob_053475_757.jpg;standin_blob_053715_757.jpg;standin_blob_054000_757.jpg	53325;53475;53715;54000		1
m1030	rd32	6	60	225	2	standin_blob_000060_2.jpg;standin_blob_000150_2.jpg;standin_blob_000180_2.jpg;standin_blob_000225_2.jpg	60;150;180;225		1
m1031	rd32	135	780	885	36	standin_blob_000780_36.jpg;standin_blob_000810_36.jpg;standin_blob_000840_36.jpg;standin_blob_000885_36.jpg	780;810;840;885		1
m1032	rd32	301	1770	1890	81	standin_blob_001770_81.jpg;standin_blob_001800_81.jpg;standin_blob_001845_81.jpg;standin_blob_001890_81.jpg	1770;1800;1845;1890		1
m1033	rd32	399	2445	2565	105	standin_blob_002445_105.jpg;standin_blob_002475_105.jpg;standin_blob_002520_105.jpg;standin_blob_002565_105.jpg	2445;2475;2520;2565		1
m1034	rd32	472	2985	3090	129	standin_blob_002985_129.jpg;standin_blob_003015_129.jpg;standin_blob_003045_129.jpg;standin_blob_003090_129.jpg	2985;3015;3045;3090		1
m1035	rd32	730	4515	4635	198	standin_blob_004515_198.jpg;standin_blob_004545_198.jpg;standin_blob_004575_198.jpg;standin_blob_004635_198.jpg	4515;4545;4575;4635		1
m1036	rd32	898	5385	5655	245	standin_blob_005385_245.jpg;standin_blob_005475_245.jpg;standin_blob_005595_245.jpg;standin_blob_005655_245.jpg	5385;5475;5595;5655		1
m1037	rd32	961	5940	6030	266	standin_blob_005940_266.jpg;standin_blob_005970_266.jpg;standin_blob_006000_266.jpg;standin_blob_006030_266.jpg	5940;5970;6000;6030		1
m1038	rd32	1332	7545	7635	389	standin_blob_007545_389.jpg;standin_blob_007575_389.jpg;standin_blob_007605_389.jpg;standin_blob_007635_389.jpg	7545;7575;7605;7635		1
m1039	rd32	1338	7980	8100	391	standin_blob_007980_391.jpg;standin_blob_007995_391.jpg;standin_blob_008040_391.jpg;standin_blob_008100_391.jpg	7980;7995;8040;8100		1
m1040	rd32	1415	8415	8565	417	standin_blob_008415_417.jpg;standin_blob_008460_417.jpg;standin_blob_008505_417.jpg;standin_blob_008565_417.jpg	8415;8460;8505;8565		1
m1041	rd32	1544	9195	9300	455	standin_blob_009195_455.jpg;standin_blob_009225_455.jpg;standin_blob_009255_455.jpg;standin_blob_009300_455.jpg	9195;9225;9255;9300		1
m1042	rd32	1833	10680	10800	528	standin_blob_010680_528.jpg;standin_blob_010710_528.jpg;standin_blob_010755_528.jpg;standin_blob_010800_528.jpg	10680;10710;10755;10800		1
m1043	rd32	1988	11475	11580	560	standin_blob_011475_560.jpg;standin_blob_011505_560.jpg;standin_blob_011535_560.jpg;standin_blob_011580_560.jpg	11475;11505;11535;11580		1
m1044	rd32	2182	12495	12615	618	standin_blob_012495_618.jpg;standin_blob_012525_618.jpg;standin_blob_012555_618.jpg;standin_blob_012615_618.jpg	12495;12525;12555;12615		1
m1045	rd32	2460	13980	14130	709	standin_blob_013980_709.jpg;standin_blob_014010_709.jpg;standin_blob_014070_709.jpg;standin_blob_014130_709.jpg	13980;14010;14070;14130		1
m1046	rd32	2581	14715	14820	751	standin_blob_014715_751.jpg;standin_blob_014745_751.jpg;standin_blob_014775_751.jpg;standin_blob_014820_751.jpg	14715;14745;14775;14820		1
m1047	rd32	2599	14835	14925	754	standin_blob_014835_754.jpg;standin_blob_014850_754.jpg;standin_blob_014895_754.jpg;standin_blob_014925_754.jpg	14835;14850;14895;14925		1
m1048	rd32	2636	15270	15405	767	standin_blob_015270_767.jpg;standin_blob_015300_767.jpg;standin_blob_015345_767.jpg;standin_blob_015405_767.jpg	15270;15300;15345;15405		1
m1049	rd32	2710	15900	16035	790	standin_blob_015900_790.jpg;standin_blob_015930_790.jpg;standin_blob_015960_790.jpg;standin_blob_016035_790.jpg	15900;15930;15960;16035		1
m1050	rd32	2751	16305	16470	802	standin_blob_016305_802.jpg;standin_blob_016350_802.jpg;standin_blob_016410_802.jpg;standin_blob_016470_802.jpg	16305;16350;16410;16470		1
m1051	rd32	3017	17955	18135	887	standin_blob_017955_887.jpg;standin_blob_018015_887.jpg;standin_blob_018075_887.jpg;standin_blob_018135_887.jpg	17955;18015;18075;18135		1
m1052	rd32	3094	18435	18615	915	standin_blob_018435_915.jpg;standin_blob_018495_915.jpg;standin_blob_018555_915.jpg;standin_blob_018615_915.jpg	18435;18495;18555;18615		1
m1053	rd32	3258	19605	19755	965	standin_blob_019605_965.jpg;standin_blob_019650_965.jpg;standin_blob_019695_965.jpg;standin_blob_019755_965.jpg	19605;19650;19695;19755		1
m1054	rd32	3325	20115	20250	984	standin_blob_020115_984.jpg;standin_blob_020160_984.jpg;standin_blob_020205_984.jpg;standin_blob_020250_984.jpg	20115;20160;20205;20250		1
m1055	rd32	3441	20820	20910	1024	standin_blob_020820_1024.jpg;standin_blob_020835_1024.jpg;standin_blob_020880_1024.jpg;standin_blob_020910_1024.jpg	20820;20835;20880;20910		1
m1056	rd32	3709	22155	22545	1108	standin_blob_022155_1108.jpg;standin_blob_022245_1108.jpg;standin_blob_022380_1108.jpg;standin_blob_022545_1108.jpg	22155;22245;22380;22545		1
m1057	rd32	3884	23145	23265	1151	standin_blob_023145_1151.jpg;standin_blob_023175_1151.jpg;standin_blob_023220_1151.jpg;standin_blob_023265_1151.jpg	23145;23175;23220;23265		1
m1058	rd32	4420	26025	26190	1304	standin_blob_026025_1304.jpg;standin_blob_026055_1304.jpg;standin_blob_026145_1304.jpg;standin_blob_026190_1304.jpg	26025;26055;26145;26190		1
m1059	rd32	4470	26670	26790	1316	standin_blob_026670_1316.jpg;standin_blob_026700_1316.jpg;standin_blob_026745_1316.jpg;standin_blob_026790_1316.jpg	26670;26700;26745;26790		1
m1060	rd18	0	0	360	0	standin_blob_000000_0.jpg;standin_blob_000120_0.jpg;standin_blob_000240_0.jpg;standin_blob_000360_0.jpg	0;120;240;360		1
m1061	rd18	12	360	765	4	standin_blob_000360_4.jpg;standin_blob_000495_4.jpg;standin_blob_000630_4.jpg;standin_blob_000765_4.jpg	360;495;630;765		1
m1062	rd18	65	810	915	21	standin_blob_000810_21.jpg;standin_blob_000840_21.jpg;standin_blob_000870_21.jpg;standin_blob_000915_21.jpg	810;840;870;915		1
m1063	rd18	52	1185	1275	13	standin_blob_001185_13.jpg;standin_blob_001215_13.jpg;standin_blob_001245_13.jpg;standin_blob_001275_13.jpg	1185;1215;1245;1275		1
m1064	rd18	157	1650	1815	44	standin_blob_001650_44.jpg;standin_blob_001695_44.jpg;standin_blob_001755_44.jpg;standin_blob_001815_44.jpg	1650;1695;1755;1815		1
m1065	rd18	195	2145	2250	52	standin_blob_002145_52.jpg;standin_blob_002175_52.jpg;standin_blob_002220_52.jpg;standin_blob_002250_52.jpg	2145;2175;2220;2250		1
m1066	rd18	279	2535	2625	72	standin_blob_002535_72.jpg;standin_blob_002565_72.jpg;standin_blob_002595_72.jpg;standin_blob_002625_72.jpg	2535;2565;2595;2625		1
m1067	rd18	312	3030	3120	82	standin_blob_003030_82.jpg;standin_blob_003060_82.jpg;standin_blob_003090_82.jpg;standin_blob_003120_82.jpg	3030;3060;3090;3120		1
m1068	rd18	409	4095	4290	122	standin_blob_004095_122.jpg;standin_blob_004155_122.jpg;standin_blob_004215_122.jpg;standin_blob_004290_122.jpg	4095;4155;4215;4290		1
m1069	rd18	469	4455	4575	145	standin_blob_004455_145.jpg;standin_blob_004500_145.jpg;standin_blob_004530_145.jpg;standin_blob_004575_145.jpg	4455;4500;4530;4575		1
m1070	rd18	538	5175	5370	174	standin_blob_005175_174.jpg;standin_blob_005235_174.jpg;standin_blob_005295_174.jpg;standin_blob_005370_174.jpg	5175;5235;5295;5370		1
m1071	rd18	592	5610	5895	190	standin_blob_005610_190.jpg;standin_blob_005700_190.jpg;standin_blob_005790_190.jpg;standin_blob_005895_190.jpg	5610;5700;5790;5895		1
m1072	rd18	721	6480	6975	208	standin_blob_006480_208.jpg;standin_blob_006585_208.jpg;standin_blob_006795_208.jpg;standin_blob_006975_208.jpg	6480;6585;6795;6975		1
m1073	rd18	745	7905	8250	220	standin_blob_007905_220.jpg;standin_blob_008010_220.jpg;standin_blob_008130_220.jpg;standin_blob_008250_220.jpg	7905;8010;8130;8250		1
m1074	rd18	796	8415	8595	230	standin_blob_008415_230.jpg;standin_blob_008475_230.jpg;standin_blob_008535_230.jpg;standin_blob_008595_230.jpg	8415;8475;8535;8595		1
m1075	rd18	872	10020	10320	259	standin_blob_010020_259.jpg;standin_blob_010110_259.jpg;standin_blob_010200_259.jpg;standin_blob_010320_259.jpg	10020;10110;10200;10320		1
m1076	rd18	1000	10830	12270	266	standin_blob_010830_266.jpg;standin_blob_011310_266.jpg;standin_blob_011790_266.jpg;standin_blob_012270_266.jpg	10830;11310;11790;12270		1
m1077	rd18	1063	12510	13230	282	standin_blob_012510_282.jpg;standin_blob_012900_282.jpg;standin_blob_013065_282.jpg;standin_blob_013230_282.jpg	12510;12900;13065;13230		1
m1078	rd18	927	12720	12840	262	standin_blob_012720_262.jpg;standin_blob_012750_262.jpg;standin_blob_012795_262.jpg;standin_blob_012840_262.jpg	12720;12750;12795;12840		1
m1079	rd18	1120	15045	15795	319	standin_blob_015045_319.jpg;standin_blob_015405_319.jpg;standin_blob_015585_319.jpg;standin_blob_015795_319.jpg	15045;15405;15585;15795		1
m1080	rd18	1125	16080	17025	322	standin_blob_016080_322.jpg;standin_blob_016350_322.jpg;standin_blob_016740_322.jpg;standin_blob_017025_322.jpg	16080;16350;16740;17025		1
m1081	rd18	1186	17070	18810	327	standin_blob_017070_327.jpg;standin_blob_018060_327.jpg;standin_blob_018435_327.jpg;standin_blob_018810_327.jpg	17070;18060;18435;18810		1
m1082	rd18	1213	18015	18810	331	standin_blob_018015_331.jpg;standin_blob_018270_331.jpg;standin_blob_018540_331.jpg;standin_blob_018810_331.jpg	18015;18270;18540;18810		1
m1083	rd18	1451	21375	21495	336	standin_blob_021375_336.jpg;standin_blob_021390_336.jpg;standin_blob_021435_336.jpg;standin_blob_021495_336.jpg	21375;21390;21435;21495		1
m1084	rd18	1640	21855	22620	424	standin_blob_021855_424.jpg;standin_blob_022005_424.jpg;standin_blob_022290_424.jpg;standin_blob_022620_424.jpg	21855;22005;22290;22620		1
m1085	rd18	1699	22680	23520	437	standin_blob_022680_437.jpg;standin_blob_022860_437.jpg;standin_blob_023175_437.jpg;standin_blob_023520_437.jpg	22680;22860;23175;23520		1
m1086	rd18	1760	23865	24930	455	standin_blob_023865_455.jpg;standin_blob_024315_455.jpg;standin_blob_024615_455.jpg;standin_blob_024930_455.jpg	23865;24315;24615;24930		1
m1087	rd18	1787	24420	24630	466	standin_blob_024420_466.jpg;standin_blob_024480_466.jpg;standin_blob_024555_466.jpg;standin_blob_024630_466.jpg	24420;24480;24555;24630		1
m1088	rd18	1806	25035	25260	473	standin_blob_025035_473.jpg;standin_blob_025110_473.jpg;standin_blob_025185_473.jpg;standin_blob_025260_473.jpg	25035;25110;25185;25260		1
m1089	rd18	1856	25545	25920	487	standin_blob_025545_487.jpg;standin_blob_025620_487.jpg;standin_blob_025770_487.jpg;standin_blob_025920_487.jpg	25545;25620;25770;25920		1
